Libro1	Libro2	Libro3	Libro4	Libro5	Libro6	Libro7	Libro8	Libro9	Libro10
ale	prova	titanic	null	null	null	null	null	null	null
ale	prova		null	null	null	null	null	null	null
ale	peova	titanic	null	null	null	null	null	null	null
ale	peoacs	Titanic	null	null	null	null	null	null	null
ale	afeds	Goat Brothers	Titanic	null	null	null	null	null	null
ale	afeds	Goat Brothers	Titanic	null	null	null	null	null	null
ale	go	Titanic	null	null	null	null	null	null	null
ale	go	Titanic	null	null	null	null	null	null	null
ale	ale	Titanic	null	null	null	null	null	null	null
ale	ale	Titanic	null	null	null	null	null	null	null
ale	poi	goat brothers	Titanic	null	null	null	null	null	null	null
ale	poi	goat brothers	Titanic	null	null	null	null	null	null	null
ale	poi	Titanic	null	null	null	null	null	null	null
ale	poi	Titanic	null	null	null	null	null	null	null
ale	fsdaxbfdvscdfbdvcsdsrwgefsd	Titanic	null	null	null	null	null	null	null
ale	fsdaxbfdvscdfbdvcsdsrwgefsd	Titanic	null	null	null	null	null	null	null
ale	fsdaxbfdvscdfbdvcsdsrwgefsd	Goat Brothers	Titanic	null	null	null	null	null	null
ale	fsdaxbfdvscdfbdvcsdsrwgefsd	Goat Brothers	Titanic	null	null	null	null	null	null
